Tasting notes,Rating
Rum,9.0
brown sugar,9.0
Cardamom,10.0
vanilla,10.0
nuts,10.0
Smooth,8.0
Chocolate,7.0
nuts,7.0
low acidity,7.0
Funky,3.0
slightly acidic,3.0
Dark cherry,5.0
chocolate finish,5.0
Strong,10.0
creamy hazelnut flavor,10.0
floral finish,10.0
Strong berry flavor,6.0
pleasant acidity,6.0
lingering chocolate finish,6.0
Bergamot,4.0
lemon,4.0
black tea finish,4.0
Mixed fruit with mild florality,5.0
Subtle apple flavor,6.0
Slightly floral,6.0
slightly acidic,6.0
Light white florals,10.0
almost sugary sweetness,10.0
Apple,9.0
a little spice,9.0
Cocoa,8.0
mild,8.0
full body,8.0
cinnamon (like a ton of cinnamon),9.0
chocolate,9.0
Chocolate and caramel with nutty and fruity undertones,8.0
Hibiscus • Black Currant • Vanilla Custard,7.0
Cardamom,8.0
Graham,8.0
Bakers Spice,8.0
Rich and soothing finish,8.0
Rich,7.0
full bodied,7.0
Nutty,8.0
creamy texture,8.0
chocolatey,8.0
Bold,8.0
rosy tartness,8.0
,7.0
chocolate,8.0
semi-sweet toffee,8.0
molasses,8.0
very smooth,8.0
Rich,10.0
Earthy,10.0
Chocolate with a hint of Caramel,10.0
slight fruit note,10.0
Very rich,2.0
incredibly acidic,2.0
,8.0
Chocolate,8.0
brown sugar,8.0
rich,8.0
Lime,7.0
dried cherry,7.0
cola,7.0
Dark chocolate,9.0
cherry,9.0
Yummy,9.0
cherry,9.0
chocolate,9.0
nut butter,9.0
Caramel,10.0
full body,10.0
low acidity,10.0
aromatic,10.0
welcome bitterness,10.0
,8.0
Cocoa,8.0
heavy cherry,8.0
vanilla,8.0
smoke,8.0
Rich,9.0
syrupy,9.0
chocolate and caramel,9.0
chocolate,8.0
citrus,8.0
caramel,8.0
mineral (?),8.0
Very fragrant,7.0
fruit and nuts,7.0
,8.0
Dark chocolate covered cherries,9.0
almond butter,9.0
sweet,9.0
thick,9.0
silky,9.0
red fruit,10.0
plum,10.0
brown sugar,10.0
Chocolate notes,9.0
small citrus notes,9.0
,9.0
Chocolate,10.0
rich,10.0
Modern espresso,10.0
Good,8.0
little bit bitter,8.0
Chocolate caramel rich,8.0
Warm and Earthy,8.0
Medium body,7.0
fruity,7.0
citrus,7.0
Rich,8.0
buttery,8.0
cocoa and walnuts,8.0
tart finish,8.0
Currants,7.0
cherry,7.0
caramel,7.0
Boysenberry,9.0
white honey,9.0
winey,9.0
chocolate,10.0
caramel,10.0
dark,10.0
Chocolate,7.0
Bright acidity,7.0
Almond,10.0
gardenia and tangerine,10.0
Syrupy,7.0
Malt,7.0
walnut,7.0
chocolate,8.0
Red berries,8.0
wine sugar,8.0
melon rind,8.0
lingering,8.0
bright,8.0
medium-bodied,8.0
enveloping,8.0
,8.0
Creamy caramel,7.0
strawberry ( very clean profile )Aftertaste is light,7.0
lingering,7.0
slightly rough,7.0
Body Medium-light ( which is medium),7.0
,7.0
Black berries,7.0
caramel,7.0
cinnamon (red orange on the chill) | Aftertaste Light,7.0
medium-long,7.0
and slightly rough | Body: Medium,7.0
smooth,7.0
,7.0
Cherry pit,8.0
red ripe berries (intense sweetness is very strong on cooling - like compote) | Aftertaste: Light,8.0
medium-long and slightly rough | Body: Light,8.0
smooth,8.0
,8.0
Cane sugar with lemon,6.0
dried fruit compote,6.0
some spices (white pepper or something else) | Aftertaste: Smooth,6.0
pleasant,6.0
lingering | Body: Light but intense,6.0
Bright floral,9.0
apricot,9.0
extremely sweet | Aftertaste: Balanced,9.0
not intrusive | Body: Light and very drinkable,9.0
,9.0
Very mildly acidic with a dark chocolate-y finish,7.0
Refreshing,8.0
green apple-like acidity,8.0
creamy,8.0
,8.0
Raspberry jam,9.0
strawberry lollipops | Aftertaste: Very bright and very rich |Body: Light,9.0
clean,9.0
,9.0
Rich,9.0
medium body,9.0
caramel head with nutty chocolate body,9.0
Very smooth and balanced,9.0
,9.0
Insanely fruity,10.0
nose of a bowl of Froot Loops,10.0
body is acidic,10.0
bright,10.0
tropical fruit on tongue followed by lavender tea,10.0
Unreal,10.0
,10.0
Apricot,9.0
Peach jam,9.0
sweet caramel,9.0
Pineapple,8.0
apple,8.0
peach,8.0
Clean,7.0
floral,7.0
black tea,7.0
Sweet,8.0
baked goods,8.0
Creamy; chocolate,10.0
rich,10.0
Light caramel,8.0
sour cherry,8.0
Juicy,7.0
bright starting acidity with dark chocolate finish,7.0
Luxardo cherry,8.0
milk chocolate,8.0
Roasty,4.0
licorice,4.0
Supposed to be medium,4.0
tastes like dark,4.0
,4.0
Craft chocolate,8.0
clean acidity,8.0
Fruity and bright,6.0
chocolatey,6.0
nutty,6.0
Tea-like,6.0
,6.0
blueberries and cream,8.0
Smooth,8.0
caramel,8.0
chocolate,8.0
blends well with oatmilk and a little sugar,8.0
low acidity,8.0
Rich,9.0
cocoa nibs,9.0
toffee,9.0
hazelnut,9.0
roasted pecans,9.0
chocolate,8.0
caramel,8.0
sea salt,8.0
Rhaspberry,9.0
Cherry,9.0
Rose Candy,9.0
Creamy,9.0
Rich chocolate,8.0
Blackcurrant,8.0
milk chocolate,8.0
low acidity,8.0
Lemon,6.0
something from dried fruits (but I don't understand what it is - maybe dates) | Aftertaste: Medium intensity,6.0
not intrusive,6.0
sweet | Body: Light,6.0
enveloping,6.0
,6.0
Red currant (very bright),7.0
floral,7.0
| Aftertaste: High saturation and duration,7.0
| Body: Light,7.0
clean,7.0
,7.0
chocolate,9.0
molasses,9.0
low acidity,9.0
Syrupy body,9.0
nougat,9.0
cashew butter,9.0
German chocolate,9.0
vanilla,9.0
Round and smooth acidity,9.0
dark chocolate,9.0
Charcoal,1.0
Black grapes ( I would not call this flavor wine,8.0
but rather very lightly fermented grapes ),8.0
nougat ( very pronounced ),8.0
on cooling it reminds very much of basic loukoum ( well,8.0
the one that is white and with some nuts and a lot of starch ),8.0
Aftertaste: Clean,8.0
enveloping,8.0
rounded,8.0
Body: Very light and not intrusive (slightly rough on cooling down),8.0
,8.0
Rich,9.0
dark chocolate and caramel,9.0
honeycomb and red berries,9.0
Pineapple,8.0
Funk,8.0
Chocolate,7.0
nutty,7.0
Lemon,8.0
floral,8.0
red berries | Aftertaste: Clean and smooth | Body: Light and rounded,8.0
,8.0
Raspberry,7.0
caramel,7.0
chocolate,7.0
Floral,8.0
Chocolate,8.0
Fruity,8.0
"Honey
Body: Medium | Finish: Clean",8.0
Light body,7.0
earthy and nutty,7.0
tons of crema,7.0
Dark Chocolate,10.0
Currants,10.0
Syrup,10.0
Caramel,10.0
Dark chocolate,7.0
,8.0
Dark Chocolate,10.0
Carmel,10.0
Brown Sugar,9.0
Cinnamon,9.0
Nutty,9.0
Dark Chocolate,9.0
Molasses,9.0
Lemon Candy,8.0
Brown Sugar,8.0
Chamomile,8.0
Sweet; citrus-like acidity,9.0
Vanilla,6.0
Chocolate,7.0
Caramel,7.0
Creamy,7.0
Chocolate,10.0
hazlenut,10.0
Dark chocolate,9.0
subtle cherry like,9.0
Rich caramel and honey,10.0
Maple Syrup,8.0
White Chocolate,8.0
Dark Rum,8.0
Low acidity,9.0
complex flavors,9.0
Milk Chocolate,9.0
Caramel,9.0
Almond,9.0
Chocolate,9.0
Nutty,9.0
Smoky overtones suggest a dark roast with possible overdevelopment,6.0
Honey,6.0
almonds,6.0
yellow fruits,6.0
dark chocolate,9.0
hazelnut,9.0
caramelized,9.0
,8.0
Subtle,8.0
bitter,8.0
hazelnut and brown sugar,8.0
Rich,9.0
thick body,9.0
bold caramel flavor,9.0
balanced sweetness and bitterness,9.0
almost no acidity,9.0
,9.0
Woody,4.0
smoky,4.0
walnut,4.0
treacle,4.0
Juicy,9.0
Vibrant,9.0
Nectarine Body: Medium | Acidity: Mellow | Finish: Clean,9.0
Balanced,9.0
rich,10.0
syrupy body with cherry,10.0
dark chocolate with a hint of spices,10.0
Chocolate,6.0
strong body,6.0
Milk Chocolate,10.0
Strawberry,10.0
Creamy,10.0
Modern,10.0
Rich,8.0
strong,8.0
syrupy body,8.0
Chocolatey,8.0
Rich,7.0
chocolatey,7.0
Sweet,8.0
fruity,8.0
floral,8.0
Rich,7.0
apricot notes,7.0
tart finish,7.0
Rich,7.0
"Chocolate and
molasses flavor",7.0
Dark chocolate,9.0
rich,9.0
bold,9.0
very low acidity,9.0
nutty,9.0
smokey,9.0
right notes of citrus,7.0
tangy-milky mouthfeel,7.0
and luscious bass notes of chocolate,7.0
Sweet,10.0
medium body,10.0
milk chocolate and nutty,10.0
Plum acidity,8.0
fruity almond-y nose,8.0
flat cocoa finish,8.0
,8.0
Pleasant peanut butter and chocolate notes,9.0
Smooth acidity,9.0
medium,9.0
syrupy body,9.0
,9.0
Rich,10.0
Very fresh raspberry,7.0
orange peel,7.0
mild chocolate,7.0
medium body,7.0
,9.0
Cassis,9.0
peach,9.0
milk chocolate,9.0
Toffee,9.0
chocolate and cherry,9.0
Rich sweetness,9.0
a touch of bright acidity,9.0
and a velvety body,9.0
,9.0
Cinnamon forward,9.0
not sweet not spicy,9.0
tastes like cinnamon smells,9.0
chocolatey and deep,9.0
Citrus-like acidity,9.0
berries,9.0
burnt,1.0
burnt chocolate,1.0
bitter,1.0
very dark,1.0
Full-bodied,9.0
dark chocolate,9.0
malt,9.0
low acidity,9.0
,9.0
,9.0
Stone Fruits,8.0
dark chocolate,8.0
Chocolate,8.0
syrupy,8.0
Papaya,8.0
Strawberry,8.0
Dragonfruit,8.0
thick syrupy dark cherry body,8.0
lighter grapefruit finish,8.0
Mango,10.0
Berrys,10.0
,10.0
Mild Acidity,9.0
Brown sugar,9.0
Pandan after-taste,9.0
Syrupy,7.0
,7.0
chocolate,7.0
almond,7.0
Rich and syrupy body,10.0
passionfruit,10.0
apricot,10.0
peach tea,10.0
sweet,9.0
dark chocolate,9.0
low bitter and acid,9.0
Grape jelly,8.0
peanut butter,8.0
caramel,8.0
syrup body,9.0
graham cracker,9.0
burnt sugar,9.0
biscotti,9.0
Funky chocolate and wine taste,7.0
Very fruit,7.0
berry forward,7.0
,
chocolate,9.0
tobacco,9.0
a bit fruitier taste,9.0
very subtle acid,9.0
,9.0
Chocolate and wine,9.0
Semi-sweet chocolate,6.0
light roastiness,6.0
smoke,6.0
Chocolatey,9.0
complex spicy woody,9.0
and dark fruit notes,9.0
Spicy woody is aromas of a rich wood furniture polish!,9.0
Pulled as espresso,5.0
18g in 36g out in 30 seconds,5.0
Thin,5.0
balanced,5.0
medium acidity,5.0
mild fruit,5.0
underwhelming,5.0
over-priced,5.0
,5.0
Earthy,10.0
Walnut,10.0
Caramel,10.0
Sweet,8.0
chocolaty,8.0
ripe fruits,8.0
,8.0
Fruity,8.0
Floral,8.0
Tea like,8.0
Delicious,9.0
,7.0
Really rich,9.0
floral,9.0
Round,9.0
malic,9.0
peachy,9.0
Intense,10.0
full body,10.0
somewhat spicy,10.0
herbal aftertaste,10.0
Chocolaty,8.0
hazelnut,8.0
chocolate,8.0
Rich,10.0
floral,10.0
chocolate,10.0
slightly sour,10.0
Rich,8.0
very floral and earthy,8.0
Chocolate caramel with hints of dark fruits,8.0
,9.0
Rich,9.0
caramel,9.0
Cardamom,8.0
Creamy,8.0
Sugarcane,8.0
Orange,8.0
Rich,8.0
nutty,8.0
chocolate,8.0
sweet and fruity,8.0
light-medium body,8.0
Floral,9.0
fruity,9.0
blueberry,9.0
,9.0
Rich-  good crema,8.0
aromatic,8.0
caramel with medium acidity,8.0
Dark Chocolate,3.0
Cherry,3.0
Pure Watermelon,10.0
fruity,10.0
almond,10.0
gingerbread,10.0
Chocolate and hazelnut with notes of fruit,8.0
Intense syrupy mouth feel,8.0
Milk chocolate and blackberry,6.0
Earthy,8.0
nutty,8.0
bold,8.0
Bright,8.0
chocolatey,8.0
caramel notes,8.0
,8.0
Juicy and peachy,8.0
Rose,10.0
Lytchee,10.0
Grapefruit,10.0
Almond,7.0
Aproicot,7.0
Vanilla,7.0
smoky,8.0
chocolatey,8.0
I pull my shots ristretto but it still ends up feeling pretty full,8.0
,8.0
Nutty chocolate,7.0
Thinner body; sweet bright apricots; no bitterness,7.0
,
Cherry,8.0
Chocolate,8.0
Sweet Caramel,8.0
,7.0
dynamic but smooth,9.0
clean finish,9.0
cocoa nibs and stone fruit,9.0
,9.0
Berries,8.0
milk chocolate,8.0
Sweet,9.0
floral,9.0
juicy,9.0
honeysuckle,9.0
Fruity,8.0
Molasses,8.0
Earthy,8.0
Blueberry and cool whip,10.0
Light smoky,7.0
balanced,7.0
Slight acidity,7.0
Chocolate,7.0
(I’m still learning tasting notes and dialing my machine in),7.0
,8.0
Chocolate,7.0
fruity,7.0
dark chocolate and cherry,8.0
Milk chocolate,7.0
hazelnut,7.0
toffee,7.0
Black cherry juice,8.0
stewed fruit,8.0
Blueberry cobbler,8.0
pie,8.0
chocolate,8.0
,8.0
,8.0
toffee,7.0
Chocolate cherry,9.0
